type,exclude,date,date_end,what,what_translation,institution,department,where,additional_info,additional_info2,url,slides,video,short_cv,order,academic,professional_2_page,website,one_column_paged,brief_no_pubs,humanities,humanities_description
research_positions,NA,2021-02-01,present,Postdoctoral Researcher,NA,NA,NA,"Carlsberg Foundation & Dept. of Computer Science, University of Oxford",NA,NA,NA,NA,NA,NA,NA,NA,NA,NA,NA,NA,NA,NA
research_positions,y,2020-04-01,2021-06-01,Visiting Research Fellow,NA,NA,NA,"Oxford Centre for Hindu Studies, [Śākta traditions project](http://saktatraditions.org)",NA,NA,NA,NA,NA,NA,NA,NA,NA,NA,NA,NA,NA,NA
education,NA,2016-10-01,2021-05-01,DPhil in Computer Science,NA,NA,NA,University of Oxford,Supervisor: [Sir Nigel Shadbolt](https://www.jesus.ox.ac.uk/people/professor-sir-nigel-shadbolt-freng-frs),Thesis: Examining the effectiveness of design patterns for digital self-control,NA,NA,NA,y,NA,NA,NA,NA,NA,NA,NA,NA
education,NA,2012-10-01,2013-10-01,MSc in Cognitive and Evolutionary Anthropology,NA,NA,NA,University of Oxford,Supervisor: [Oliver Curry](https://www.oliverscottcurry.com),Thesis: Fundamental motivations and risk-taking,NA,NA,NA,y,NA,NA,NA,NA,NA,NA,NA,NA
education,NA,2011-02-01,2016-02-01,MA in the Study of Religion & Psychology,NA,NA,NA,Aarhus University,Supervisor: [Uffe Schjødt](https://pure.au.dk/portal/en/persons/uffe-schjoedt(c2b0d5e1-b9e5-4ff1-9866-7009bc63827e).html),Thesis: Religion as a cultural tool for cognitive control,NA,NA,NA,y,NA,NA,NA,NA,NA,NA,NA,NA
education,NA,2007-09-01,2011-02-01,BA in the Study of Religion & Psychology,NA,NA,NA,Aarhus University,Supervisors: [Jesper Sørensen](https://pure.au.dk/portal/da/persons/jesper-soerensen(6eb687a7-1af7-48c0-bad1-cc9cc0ba3054).html) and [Kristoffer Laigaard Nielbo](https://pure.au.dk/portal/en/persons/kristoffer-laigaard-nielbo(aef8887c-d4e9-4270-9031-1a15553f5590).html),Thesis: Priming effects of religious concepts on moral judgment,NA,NA,NA,y,NA,NA,NA,NA,NA,NA,NA,NA
awards,NA,2020-07-13,NA,Winner of the 2020 [Oxford Three Minute Thesis competition](https://www.ox.ac.uk/students/three-minute-thesis-competition),NA,NA,NA,"Mathematical, Physical and Life Sciences Division, University of Oxford",Conducted online due to the corona pandemic,NA,NA,NA,NA,y,NA,NA,NA,NA,NA,NA,NA,NA
awards,NA,2020-02-11,NA,Commendation Certificate for the Reducing Digital Distraction Workshop,NA,NA,NA,"[MPLS Impact Awards](https://www.mpls.ox.ac.uk/news/mpls-impact-awards-2020-winners-announced-at-winter-reception), University of Oxford",NA,NA,NA,NA,NA,y,NA,NA,NA,NA,NA,NA,NA,NA
awards,NA,2019-06-06,NA,Best Talk Award,NA,NA,NA,"2019 Oxford Computer Science Conference, University of Oxford",NA,£200,NA,NA,NA,y,NA,NA,NA,NA,NA,NA,NA,NA
awards,NA,2019-05-07,NA,"Best Paper Honorable Mention Award for ""Self-Control in Cyberspace...""",NA,NA,NA,CHI’19: ACM Conference on Human Factors in Computing Systems,NA,NA,NA,NA,NA,NA,NA,NA,NA,NA,NA,NA,NA,NA
awards,NA,2018-05-27,NA,"Best Paper Award for ""Third party tracking...""",NA,NA,NA,"WebSci'18: ACM Conference on Web Science, Amsterdam",NA,€500,NA,NA,NA,y,NA,NA,NA,NA,NA,NA,NA,NA
awards,NA,2017-07-01,NA,DOMUS Prize for Outstanding Research Communication,NA,NA,NA,"Linacre College, University of Oxford",NA,£500,NA,NA,NA,y,NA,NA,NA,NA,NA,NA,NA,NA
minor_grants,NA,2021-06-01,NA,"Junior Research Fellow Grant, [Lucy Halsall Fund](https://www.linacre.ox.ac.uk/lucy-halsall-fund-and-jrf-grant-application-form)",NA,NA,NA,Initial validation of measures for digital self-control,NA,£292,NA,NA,NA,n,NA,NA,NA,NA,NA,NA,NA,NA
major_grants,NA,2021-02-01,2023-01-31,[Carlsberg Foundation Visiting Fellowship at University of Oxford](https://www.carlsbergfondet.dk/da/Forskningsaktiviteter/Bevillingsstatistik/Bevillingsoversigt/CF20_0678_Ulrik-Lyngs),NA,NA,NA,Understanding Personal Digital Self-Control Struggles and Appropriate Interventions,NA,"DKK 700,000 (~£80k)",NA,NA,NA,y,NA,NA,NA,NA,NA,NA,NA,NA
major_grants,NA,2020-05-19,NA,[van Houten Fund](https://governance.admin.ox.ac.uk/van-houten-fund),NA,NA,NA,The Reducing Digital Distraction (ReDD) Workshop for Oxford University students,Supervisor: Maureen Freed.,~£12k,NA,NA,NA,y,NA,NA,NA,NA,NA,NA,NA,NA
major_grants,NA,2019-12-01,2020-08-01,[EPSRC Doctoral Prize](https://epsrc.ukri.org/skills/students/dta/doctoralprize/),NA,NA,NA,Supporting End-User Autonomy Over Digital Device Use,Supervisor: Nigel Shadbolt. Mentor: Max Van Kleek.,~£28k,NA,NA,NA,y,NA,NA,NA,NA,NA,NA,NA,NA
minor_grants,NA,2018-04-21,NA,Student Research Competition Grant,NA,NA,NA,CHI’18: ACM Conference on Human Factors in Computing Systems,NA,$500,NA,NA,NA,y,NA,NA,NA,NA,NA,NA,NA,NA
minor_grants,NA,2017-05-08,NA,Workshop Travel Grant,NA,NA,NA,"Designing for Curiosity, CHI’17: ACM Conference on Human Factors in Computing Systems",NA,€400,NA,NA,NA,n,NA,NA,NA,NA,NA,NA,NA,NA
minor_grants,NA,2017-05-08,NA,Student Research Competition Grant,NA,NA,NA,CHI’17: ACM Conference on Human Factors in Computing Systems,NA,$500,NA,NA,NA,y,NA,NA,NA,NA,NA,NA,NA,NA
minor_grants,NA,2013-02-01,NA,Lienhard & Bagby Research Grant,NA,NA,NA,"Institute of Social & Cultural Anthropology, University of Oxford",NA,"£1,000",NA,NA,NA,NA,NA,NA,NA,NA,NA,NA,NA,NA
minor_grants,NA,2008-05-01,NA,Summer School Scholarship,NA,NA,NA,University of Helsinki,NA,~€1000,NA,NA,NA,NA,NA,NA,NA,n,n,NA,NA,NA
minor_grants,NA,2008-05-01,NA,Undergraduate Travel Grant,NA,NA,NA,Aarhus University,NA,DKK 1200,NA,NA,NA,n,NA,NA,NA,n,n,NA,NA,NA
service,NA,2018-05-01,2020-01-01,Steering group member,NA,NA,NA,Transparent Statistics in Human-Computer Interaction,NA,NA,https://transparentstatistics.org,NA,NA,y,NA,NA,NA,NA,NA,NA,NA,NA
service,NA,2016-12-01,present,Reviewer,NA,NA,NA,"[ACM Transactions on Computer-Human Interaction (TOCHI)](http://tochi.acm.org/),  [ACM CHI Conference](https://sigchi.org/),  [Computer-Supported Cooperative Work and Social Computing](http://cscw.acm.org/2019/),  [International Journal of Human-Computer Studies](https://www.journals.elsevier.com/international-journal-of-human-computer-studies)",NA,NA,NA,NA,NA,NA,NA,NA,NA,NA,NA,NA,NA,NA
service,NA,2018-01-01,2018-06-01,Main conference organiser and General Chair,NA,NA,NA,"Oxford Computer Science Conference 2018, Dept. of Computer Science, University of Oxford",NA,NA,NA,NA,NA,NA,3,NA,y,NA,NA,NA,NA,NA
service,NA,2017-08-01,2018-08-01,President of the Computer Science Graduate Society (CoGS),NA,NA,NA,"Dept. of Computer Science, University of Oxford","Organised and chaired termly CoGS planning meetings, Computer Science representative at termly orienting meetings in the mathematical, physical, engineering and life sciences division (MPLS).",NA,NA,NA,NA,NA,NA,NA,y,NA,NA,NA,NA,NA
service,NA,2016-08-01,2017-08-01,DPhil representative in the Computer Science Graduate Society (CoGS),NA,NA,NA,"Dept. of Computer Science, University of Oxford","Participated in termly meetings, organised numerous social coffee, pizza, and drinks sessions. Reviewed submissions for the annual Oxford Computer Science Conference and chaired multiple sessions at the event",NA,NA,NA,NA,NA,NA,NA,NA,NA,NA,NA,NA,NA
service,NA,2012-12-01,2016-08-01,Executive committee member in the [London Evolutionary Research Network](https://londonevolution.org) (LERN),NA,NA,NA,"London, UK","Organised regular talks (30+) plus annual conferences (3) on cutting-edge evolutionary research, for early career researchers across universities and departments in southern UK.",NA,NA,NA,NA,NA,NA,n,y,NA,NA,NA,NA,NA
service,NA,2008-01-01,2012-01-01,Chairman of the [Society for the Study of Religion (RvF)](https://studerende.au.dk/studier/fagportaler/arts/religionsvidenskabelig-forening/),NA,NA,NA,"Dept. for the Study of Religion, Aarhus University",Organised and chaired monthly committee meetings; chaired monthly research talks,NA,NA,NA,NA,NA,NA,n,NA,NA,NA,NA,NA,NA
pop-writing,NA,2021-12-02,NA,[How to Adapt Any LaTeX Template for Use With R Markdown in Four Steps](https://ulriklyngs.com/post/2021/12/02/how-to-adapt-any-latex-template-for-use-with-r-markdown-in-four-steps/),NA,Blog post,NA,ulriklyngs.com,NA,NA,NA,NA,NA,NA,NA,NA,NA,NA,NA,NA,NA,NA
pop-writing,NA,2019-04-27,NA,[367 Tools of Resistance in the Battle for Online Attention](https://uxdesign.cc/367-tools-of-resistance-in-the-battle-for-online-attention-2a92ca282a65),NA,Blog post,NA,UX Collective (Medium),NA,NA,NA,NA,NA,NA,NA,NA,NA,NA,NA,NA,NA,NA
pop-writing,NA,2019-02-20,NA,[How to Use Pandoc Filters for Advanced Customisation of Your R Markdown Documents](https://ulriklyngs.com/post/2019/02/20/how-to-use-pandoc-filters-for-advanced-customisation-of-your-r-markdown-documents/),NA,Blog post,NA,ulriklyngs.com,NA,NA,NA,NA,NA,NA,NA,NA,NA,NA,NA,NA,NA,NA
pop-writing,NA,2019-02-03,NA,[How to Create New Chunk Options in R Markdown](https://ulriklyngs.com/post/2019/02/03/how-to-create-new-chunk-options-in-r-markdown/),NA,Blog post,NA,ulriklyngs.com,NA,NA,NA,NA,NA,NA,NA,NA,NA,NA,NA,NA,NA,NA
pop-writing,NA,2018-11-02,NA,[How to Build Safari App Extensions](https://ulriklyngs.com/post/2018/11/02/how-to-build-safari-app-extensions/),NA,Blog post,NA,ulriklyngs.com,NA,NA,NA,NA,NA,NA,NA,NA,NA,NA,NA,NA,NA,NA
pop-writing,NA,2018-10-29,NA,[R packages for CHI papers with R Markdown](https://ulriklyngs.com/post/2018/10/29/r-packages-for-chi-papers-with-r-markdown/),NA,Blog post,NA,ulriklyngs.com,NA,NA,NA,NA,NA,NA,NA,NA,NA,NA,NA,NA,NA,NA
pop-writing,NA,2018-07-18,NA,[How to Write ACM Articles with R Markdown](https://ulriklyngs.com/post/2018/07/18/how-to-write-acm-articles-with-r-markdown/),NA,Blog post,NA,ulriklyngs.com,NA,NA,NA,NA,NA,NA,NA,NA,NA,NA,NA,NA,NA,NA
pop-writing,NA,2017-06-07,NA,[Ulysses in Cyberspace](http://connectedlife.oii.ox.ac.uk/ulysses-in-cyberspace/),NA,Blog post,NA,Connected Life Conference 2017,NA,NA,NA,NA,NA,NA,NA,NA,NA,NA,NA,NA,NA,NA
pop-writing,NA,2017-02-26,NA,[Making Statistics Make Sense](https://ulriklyngs.com/post/2017/02/26/making-statistics-make-sense/),NA,Blog post,NA,ulriklyngs.com,NA,NA,NA,NA,NA,NA,NA,NA,NA,NA,NA,NA,NA,NA
pop-writing,NA,2016-09-26,NA,[Digging Science Out of a Hole: The Reproducibility Index](https://ulriklyngs.com/post/2016/09/26/digging-science-out-of-a-hole-the-reproducibility-index/),NA,Blog post,NA,ulriklyngs.com,NA,NA,NA,NA,NA,NA,NA,NA,NA,NA,NA,NA,NA,NA
talk,NA,2022-03-26,NA,Self-Control in Cyberspace: The Attentional Challenges of Computing Technology,NA,Goodenough College & University of Oxford,NA,"Colloquium on AI and Regulation, Venice",NA,NA,NA,NA,NA,NA,NA,NA,NA,NA,NA,NA,NA,NA
talk,NA,2021-11-08,NA,"[Reproducible academic papers with R Markdown, RStudio, Zotero, Google Docs, and LaTeX templates](https://youtu.be/aU0uetWJXis)",NA,University of Oxford,[Reproducible Research Oxford](https://ox.ukrn.org),Community call: executable manuscripts,NA,NA,NA,NA,NA,NA,NA,NA,NA,NA,NA,NA,NA,NA
talk,NA,2021-10-05,NA,"""Where has my cognitive prime time gone?"" Understanding digital self-control struggles and appropriate interventions",NA,University of Oxford,Dept. of Computer Science,[Human Centred Computing](https://hcc.cs.ox.ac.uk),NA,NA,NA,NA,NA,NA,NA,NA,NA,NA,NA,NA,NA,NA
talk,NA,2021-09-23,NA,"""Where has my cognitive prime time gone?"" Understanding digital self-control struggles and appropriate interventions",NA,University of Copenhagen,Copenhagen Center for Social Data Science,International Seminar organised by the [DISTRACT](https://sodas.ku.dk/projects/distract/) project: *Studying the Digital Backlash*,NA,NA,NA,NA,NA,NA,NA,NA,NA,NA,NA,NA,NA,NA
talk,NA,2021-08-19,NA,Selvkontrol i cyberspace,Self-control in cyberspace,KulturRummet Thy,"Thisted Library, Denmark","[Thy 360](https://thy360.dk/event/selvkontrol-i-cyberspace/8500), local event",NA,NA,NA,NA,NA,NA,NA,NA,NA,NA,NA,NA,NA,NA
talk,NA,2021-03-26,NA,The Reducing Digital Distraction workshop as research tool: methods and preliminary results,NA,University of Copenhagen,Copenhagen Center for Social Data Science,[DISTRACT](https://sodas.ku.dk/projects/distract/) project,NA,NA,NA,NA,NA,NA,NA,NA,NA,NA,NA,NA,NA,NA
talk-podcast,NA,2021-03-19,NA,Slip nu den telefon! Fire gode råd til at undgå tidsrøvende distraktioner på nettet,Let go of that phone! Four pieces of good advice for avoiding time-wasting distractions on the web,videnskab.dk,NA,[Brainstorm podcast (Danish)](https://videnskab.dk/kultur-samfund/slip-nu-den-telefon-fire-gode-raad-til-at-undgaa-tidsroevende-distraktioner-paa),NA,NA,NA,NA,NA,NA,NA,NA,NA,NA,NA,NA,NA,NA
talk-panel,NA,2021-03-04,NA,Coping with Isolation and Loneliness - a Conversation,NA,University of Oxford,Linacre College,Roundtable discussion on mental health during the COVID pandemic,NA,NA,NA,NA,NA,NA,NA,NA,NA,NA,NA,NA,NA,NA
talk,NA,2021-02-09,NA,Reproducible and Replicable Research,NA,University of Copenhagen,Dept. of Computer Science,[Human-Centred Computing Section](https://di.ku.dk/english/research/human-centred-computing/),NA,NA,NA,NA,NA,NA,NA,NA,NA,NA,NA,NA,NA,NA
talk,NA,2021-02-02,NA,R Markdown in 7 Minutes,NA,University of Oxford,Dept. of Computer Science,[Human Centred Computing](https://hcc.cs.ox.ac.uk),NA,NA,NA,NA,NA,NA,NA,NA,NA,NA,NA,NA,NA,NA
talk,NA,2021-01-12,NA,Reproducible and Replicable Research,NA,University of Oxford,Dept. of Computer Science,[Human Centred Computing](https://hcc.cs.ox.ac.uk),NA,NA,NA,NA,NA,NA,NA,NA,NA,NA,NA,NA,NA,NA
talk,NA,2020-12-09,NA,Ulysses in Cyberspace: The Theory and Practice of Digital Self-Control,NA,University of Oxford,Dept. of Computer Science,Guest lecture in [Interaction Design (IDE)](https://hip.cat/emax/teaching),NA,NA,NA,NA,NA,NA,NA,NA,NA,NA,NA,NA,NA,NA
talk,NA,2020-10-30,NA,Self-Control in Cyberspace: Examining Tools of Resistance in the Battle for Online Attention,NA,University of Copenhagen,Copenhagen Center for Social Data Science,[DISTRACT](https://sodas.ku.dk/projects/distract/),NA,NA,NA,NA,NA,NA,NA,NA,NA,NA,NA,NA,NA,NA
talk,NA,2020-09-01,NA,Cognitive Control in Cyberspace,NA,University of Copenhagen,Institute of Psychology,[COINACT](https://psychology.ku.dk/coinact/),NA,NA,NA,NA,NA,NA,NA,NA,NA,NA,NA,y,NA,NA
talk,NA,2020-06-30,NA,‘I Just Want to Hack Myself to Not Get Distracted’: Do Design Interventions for Self-Control on Facebook Work?,NA,University of Oxford,NA,[Seminars at Linacre College](https://www.linacre.ox.ac.uk/event-type/linacre-seminar),NA,NA,NA,NA,NA,NA,NA,NA,NA,NA,NA,NA,NA,NA
talk,NA,2020-06-21,NA,What Can Digital Humanities Offer Hindu Studies?,NA,University of Oxford,Oxford Centre for Hindu Studies,NA,[online lecture series (6 videos)](https://www.youtube.com/playlist?list=PLkIUogDmN_nAEqQphmDffOMBP5ljN-jXA) for a general audience,NA,NA,NA,NA,NA,NA,NA,n,NA,NA,y,NA,NA
talk-podcast,NA,2020-05-28,NA,Your Digital Life During Lockdown,NA,NA,NA,[University of Oxford Podcasts](https://podcasts.ox.ac.uk/your-digital-life-during-lockdown),NA,NA,NA,NA,NA,NA,NA,NA,NA,NA,NA,y,NA,NA
talk,NA,2020-05-21,NA,Deus ex Machina: What Can Digital Humanities Offer Hindu Studies?,NA,University of Oxford,Oxford Centre for Hindu Studies,[Śākta traditions project](http://saktatraditions.org),NA,NA,NA,NA,NA,NA,NA,NA,NA,NA,NA,y,NA,NA
talk,NA,2020-05-20,NA,‘I Just Want to Hack Myself to Not Get Distracted’: Evaluating Design Interventions for Self-Control on Facebook,NA,University of Washington,NA,[Design. Use. Build. (DUB) alliance](https://dub.washington.edu/seminar.html),NA,NA,NA,NA,NA,NA,NA,NA,y,NA,NA,y,NA,NA
talk,y,2020-04-25,NA,‘I Just Want to Hack Myself to Not Get Distracted’: Evaluating Design Interventions for Self-Control on Facebook,NA,[2020 CHI Conference on Human Factors in Computing Systems](https://chi2019.acm.org),NA,pre-recorded video presentation due to the COVID-19 pandemic,NA,NA,NA,NA,https://youtu.be/bsBpGkPV83w,NA,NA,NA,NA,NA,NA,NA,NA,NA
talk,NA,2020-04-22,NA,Digital Wellbeing in Practice: Designing for Digital Self-Control,NA,Google,NA,[Digital Wellbeing](https://wellbeing.google),NA,NA,NA,/pdfs/2020-04-22_lyngs_google_digi_wellbeing.pdf,NA,NA,NA,NA,y,NA,NA,y,NA,NA
talk,NA,2020-02-20,NA,Digital Wellbeing in Practice: Examining the Effectiveness of Digital Self-Control Strategies,NA,University of Copenhagen,Dept. of Computer Science,[Human-Centred Computing Section](https://di.ku.dk/english/research/human-centred-computing/),NA,NA,NA,NA,NA,NA,NA,NA,NA,NA,NA,y,NA,NA
talk,NA,2020-02-05,NA,Digital Wellbeing in Practice: Examining the Effectiveness of Digital Self-Control Strategies,NA,University of Oxford,Oxford Internet Institute,[Digital Ethnography Group (OxDEG)](https://www.oii.ox.ac.uk/research/projects/oxdeg/),NA,NA,NA,NA,NA,NA,NA,NA,NA,NA,NA,y,NA,NA
talk,NA,2019-11-04,NA,"Reproducible research with R Markdown, featuring article and PhD thesis writing",NA,University of Oxford,St. Peter's College,[R user group Oxford](https://twitter.com/rusersoxford),NA,NA,NA,NA,NA,NA,NA,NA,NA,NA,NA,n,NA,NA
talk-panel,NA,2019-10-03,NA,Psychology and Futurity,NA,University of Oxford,Wolfson College,[Futures Thinking Conference](https://www.torch.ox.ac.uk/event/futures-thinking-conference-details),roundtable discussion on mental health,NA,NA,NA,NA,NA,NA,NA,y,NA,NA,y,NA,NA
talk,NA,2019-07-06,NA,Q&A: Self-Control in Cyberspace,NA,Indian Institute of Technology (IIT) Bombay,NA,Best of CHI2019,Mumbai (videolink),NA,NA,NA,NA,NA,NA,NA,y,NA,NA,y,NA,NA
talk-panel,NA,2019-06-06,NA,Computing Everything? The Limits of Algorithmic Learning,NA,University of Oxford,Dept. of Computer Science,[2019 Oxford Computer Science Conference](https://oxfordcsc.com),"moderated panel discussion with Richard Evans (Deepmind), Peter Millican, Hao Ni, and Luba Elliott",NA,NA,NA,NA,NA,NA,NA,y,NA,NA,y,NA,NA
talk,NA,2019-06-06,NA,Self-Control in Cyberspace: Applying Dual Systems Theory to a Review of Digital Self-Control Tools,NA,University of Oxford,Dept. of Computer Science,[2019 Oxford Computer Science Conference](https://oxfordcsc.com),NA,NA,NA,NA,NA,NA,NA,NA,NA,NA,NA,NA,NA,NA
talk,NA,2019-05-22,NA,"""Owning"" Your DPhil",NA,University of Oxford,Dept. of Computer Science,Workshop for new DPhil (PhD) students,NA,NA,NA,NA,NA,NA,NA,NA,NA,NA,NA,NA,NA,NA
talk,y,2019-05-07,NA,Self-Control in Cyberspace: Applying Dual Systems Theory to a Review of Digital Self-Control Tools,NA,[2019 CHI Conference on Human Factors in Computing Systems](https://chi2019.acm.org),NA,NA,"Glasgow, UK",NA,NA,NA,NA,NA,NA,NA,n,NA,NA,n,NA,NA
talk,NA,2019-05-04,NA,Putting Self-Control at the Centre of Digital Wellbeing,NA,2019 CHI Conference on Human Factors in Computing Systems,NA,[Designing for Digital Wellbeing Workshop](https://digitalwellbeingworkshop.wordpress.com),"Glasgow, UK",NA,NA,NA,NA,NA,NA,NA,n,NA,NA,n,NA,NA
talk,NA,2018-09-03,NA,"So, Tell Me What Users Want, What They Really, Really Want!",NA,BBC,"BBC Radio Theatre, New Broadcasting House, London","Conference on AI, Society & the Media",NA,NA,NA,NA,NA,y,NA,NA,y,NA,NA,y,NA,NA
talk,NA,2018-06-30,NA,Hacking the Attention Economy,NA,[UnBias](https://unbias.wp.horizon.ac.uk/) Hackathon,NA,CodeBase,Edinburgh,NA,NA,NA,NA,y,NA,NA,n,NA,NA,n,NA,NA
talk,NA,2018-04-16,NA,Evaluating Anti-Distraction Browser Extensions for Facebook,NA,University of Oxford,Dept. of Computer Science,[Human Centred Computing](https://hcc.cs.ox.ac.uk),NA,NA,NA,NA,NA,y,NA,NA,NA,NA,NA,NA,NA,NA
talk,NA,2017-07-01,NA,Ulysses in Cyberspace: How Anti-Distraction Apps Can Guide Digital Design,NA,University of Oxford,Linacre College,DOMUS Research Communication Competition,NA,NA,NA,NA,NA,y,NA,NA,n,NA,NA,n,NA,NA
talk,NA,2017-06-09,NA,ICTs and Attention Management: Evaluating the Emerging Anti-Distraction Market,NA,University of Oxford,Dept. of Computer Science,[2017 Oxford Computer Science Conference](https://oxfordcsc.com),NA,NA,NA,NA,NA,y,NA,NA,NA,NA,NA,NA,NA,NA
talk,NA,2017-03-28,NA,Battle of the Social Machines: Attention Management in the Information Age,NA,University of Oxford,Dept. of Computer Science,"*Being Responsible in Research: Opportunities and Challenges* workshop, [Human Centred Computing](https://hcc.cs.ox.ac.uk)",NA,NA,NA,NA,NA,y,NA,NA,NA,NA,NA,n,NA,NA
talk,NA,2017-09-19,NA,Distraction and Self-Regulation in Social Machines,NA,University of Oxford,Jesus College,[SOCIAM: The Theory and Practice of Social Machines](https://sociam.org) project meeting,NA,NA,NA,NA,NA,y,NA,NA,NA,NA,NA,n,NA,NA
talk,NA,2017-12-04,NA,How to Build Minimally-Distracting Technology,NA,[PubhD](http://pubhd.org),NA,science communication and pints,"St Aldate's Tavern, Oxford",NA,NA,NA,NA,NA,NA,NA,NA,NA,NA,NA,NA,NA
talk,NA,2017-03-13,NA,Attention Management in the Information Age,NA,[SOCIAM: The Theory and Practice of Social Machines](https://sociam.org),NA,NA,"project meeting at Brockenhurst, UK",NA,NA,NA,NA,NA,NA,NA,NA,NA,NA,NA,NA,NA
talk,NA,2015-09-24,NA,Religion: A Culturally Evolved Tool for Self-Control,NA,Aarhus University,Institute of Culture and Society,"[Religion, Cognition and Culture](https://rcc.au.dk) research unit",NA,NA,NA,NA,NA,NA,NA,NA,NA,NA,NA,y,NA,NA
talk,NA,2014-07-30,NA,Fundamental Motivations and Risk-Taking: Loss Aversion in Context,NA,[26th Annual Human Behavior and Evolution Society Conference](https://www.hbes.com/conference/),NA,"Natal, Brazil",NA,NA,NA,NA,NA,NA,NA,NA,NA,NA,NA,NA,NA,NA
talk,NA,2012-10-25,NA,"Effort, Loss Aversion and Religion",NA,[Homo Experimentalis: Experimental Approaches in The Study of Religion](https://religionistika.phil.muni.cz/levyna2012/program.php),NA,"Brno, Czech Republic",NA,NA,NA,NA,NA,NA,NA,NA,NA,NA,NA,y,NA,NA
poster,NA,2018-06-18,NA,What the Anti-Distraction Market Tells Us About Digital Technology and Self-Regulation,NA,University of Oxford,Oxford Internet Institute,[Connected Life Conference 2018](https://connectedlife.oii.ox.ac.uk/past-conferences/conference-life-2018/),NA,NA,NA,NA,NA,y,NA,NA,NA,NA,NA,NA,NA,NA
poster,NA,2018-04-21,NA,A Cognitive Design Space for Supporting Self-Regulation of ICT Use,NA,2018 CHI Conference on Human Factors in Computing Systems,NA,[3rd Symposium on Computing and Mental Health](https://dl.acm.org/doi/10.1145/3170427.3170665),"Montreal, Canada",NA,NA,NA,NA,y,NA,NA,NA,NA,NA,NA,NA,NA
poster,NA,2017-07-27,NA,"“It’s More Fun With My Phone"": A Replication Study of Cell Phone Presence and Task Performance",NA,[39th Annual Conference of the Cognitive Science Society](https://cogsci.mindmodeling.org/2017/),NA,NA,London,NA,NA,NA,NA,NA,NA,NA,NA,NA,NA,NA,NA,NA
poster,NA,2017-06-19,NA,Ulysses in Cyberspace: Evaluating the Anti-Distraction Market,NA,University of Oxford,Oxford Internet Institute,[Connected Life Conference 2017](https://connectedlife.oii.ox.ac.uk/past-conferences/connected-life-2017/),NA,NA,NA,NA,NA,NA,NA,NA,NA,NA,NA,NA,NA,NA
poster,NA,2017-05-08,NA,"Curiosity, ICTs and Attention Management: Evaluating the Emerging Anti-Distraction Market",NA,2017 CHI Conference on Human Factors in Computing Systems,NA,[Designing for Curiosity Workshop](https://dl.acm.org/doi/10.1145/3027063.3027064),"Denver, Colorado",NA,NA,NA,NA,y,NA,NA,NA,NA,NA,NA,NA,NA
poster,NA,2014-06-22,NA,Wild Cooperation: Studying Real-World Reciprocity Using Couchsurfing.org,NA,Central European University,NA,[Morality: Evolutionary Origins and Cognitive Mechanisms](https://summeruniversity.ceu.edu/morality-2014),Budapest,NA,NA,NA,NA,y,NA,NA,NA,NA,NA,NA,NA,NA
poster,NA,2011-07-20,NA,Priming Effects of Religious Concepts on Moral Judgment – Between Mean Values and Variation,NA,[33rd Annual Conference of the Cognitive Science Society](http://toc.proceedings.com/12584webtoc.pdf),NA,NA,"Boston, MA",NA,NA,NA,NA,NA,NA,NA,NA,NA,NA,NA,NA,NA
prof-dev,NA,2018-02-11,NA,Invited participant to the Global Dialogue for Happiness,NA,NA,NA,"[World Government Summit](https://www.worldgovernmentsummit.org), Dubai",NA,NA,NA,NA,NA,y,NA,NA,NA,NA,NA,NA,NA,NA
prof-dev,NA,2017-02-01,2017-06-01,[Leading for Impact](https://www.sbs.ox.ac.uk/research/skoll-centre-social-entrepreneurship/social-impact-education/leading-impact) fellow,NA,NA,NA,"4-month leadership training programme at Saïd Business School, University of Oxford",NA,NA,NA,NA,NA,y,NA,NA,NA,NA,NA,NA,NA,NA
media,NA,2021-04-27,NA,"Interviewed on the Danish radio program 'Kortsluttet' (*short-circuited*) on P1, in the episode ['Død over digitale distraktioner' (*Death to digital distractions*)](https://www.dr.dk/radio/p1/kortsluttet/kortsluttet-62?fbclid=iwar2cnu58gu19ym6m0zv48z2tcwqni56xsxmiszkkuqne9efjqwg8w4zgylw)",NA,NA,NA,NA,NA,NA,NA,NA,NA,NA,NA,NA,NA,NA,NA,NA,NA,NA
media,NA,2018-10-23,NA,"Our paper ""Third Party Tracking in the Mobile Ecosystem"" [C2] covered in the [Financial Times](https://ig.ft.com/mobile-app-data-trackers/), [BBC](https://www.bbc.co.uk/news/technology-45952466), [The Times](https://www.thetimes.co.uk/article/personal-data-harvesting-by-mobile-phone-apps-is-out-of-control-pb2m2kwkj), [Business Insider](https://www.businessinsider.com/google-and-facebook-big-data-apps-oxford-study-finds-2018-10?r=UK&IR=T), and more",NA,NA,NA,NA,NA,NA,NA,NA,NA,y,NA,NA,NA,NA,NA,NA,NA,NA
position,NA,2020-07-01,present,Visiting researcher,NA,NA,NA,"Dept. of Computer Science, University of Copenhagen",NA,NA,NA,NA,NA,NA,NA,NA,NA,NA,NA,NA,NA,NA
work,NA,2020-02-01,present,Data Scientist and Digital Humanities Consultant,NA,NA,NA,"[Śākta Traditions](http://saktatraditions.org/people/), Oxford Centre for Hindu Studies, University of Oxford","I provide practical support and consultancy on natural language processing methods for analysis and visualisation of large text corpora, using reproducible workflows in R Markdown.",NA,NA,NA,NA,NA,NA,NA,y,NA,NA,y,NA,NA
work,NA,2019-10-01,2020-01-01,Research Assistant,NA,NA,NA,[RoboTIPS: Developing Responsible Robots for the Digital Economy](https://www.cs.ox.ac.uk/projects/RoboTIPS/index.html),"Developed accident scenarios and investigation processes to inform responsible innovation in social robotics, with researchers at the Dept. of Computer Science in Oxford (lead: Prof. Marina Jirotka), and the Bristol Robotics Facility (lead: Prof. Alan Winfield).",NA,NA,NA,NA,NA,NA,NA,NA,NA,NA,y,NA,NA
work,NA,2019-03-13,NA,R Markdown Instructor,NA,NA,NA,"St. Anne's College, University of Oxford: [TIER Faculty Development Workshop](https://www.projecttier.org/fellowships-and-workshops/faculty-development-workshops/)",Taught a 2-day master class in Reproducible Research to 20+ research staff and faculty from research institutions across Europe.,NA,NA,NA,NA,n,NA,NA,y,n,n,n,NA,NA
work,NA,2017-07-01,2019-02-01,Web developer,NA,NA,NA,"Dept. of Computer Science, University of Oxford: [SOCIAM: The Theory and Practice of Social Machines](https://sociam.org)","Built [sociam.org](https://www.sociam.org), which archives outputs of a 5.5 year EPSCR research project involving 55+ researchers, 40+ projects, and 400+ publications. Developed from scratch in Drupal 7, assisted by two summer interns. Ongoing maintenance, feature development, and content curation.",NA,NA,NA,NA,y,NA,NA,n,NA,NA,y,NA,NA
work,NA,2017-05-01,2019-06-01,Bartender,NA,NA,NA,"Linacre College, University of Oxford",NA,NA,NA,NA,NA,NA,NA,NA,NA,NA,NA,NA,NA,NA
work,NA,2013-10-01,2016-07-01,Festival Producer and Manager,NA,NA,NA,"[Institute of Art and Ideas](https://iai.tv), London","Generated ideas and wrote programme copy for 250+ panel debates for the internationally renowned philosophy and music festival [HowTheLightGetsIn](https://howthelightgetsin.org/); interviewed (600+) and booked (150+) speakers, including Cory Doctorow, Aubrey de Grey, and Simon Baron-Cohen; led and managed a research team division of two full-time staff plus a music team of three full-time staff.",NA,NA,NA,NA,y,NA,NA,y,NA,NA,y,NA,NA
technical,NA,NA,NA,"Programming, data analysis and visualisation",NA,NA,NA,NA,"in R (tidyverse), Python, and D3.js",NA,NA,NA,NA,y,NA,NA,NA,NA,NA,NA,NA,NA
technical,NA,NA,NA,Reproducible research,NA,NA,NA,NA,"with R Markdown (bookdown, xaringan, pagedown) + LaTeX + HTML",NA,NA,NA,NA,y,NA,NA,NA,NA,NA,NA,NA,NA
technical,NA,NA,NA,Web development,NA,NA,NA,NA,"(HTML, CSS, JavaScript, Hugo, blogdown, Jekyll, GitHub Pages, Netlify)",NA,NA,NA,NA,y,NA,NA,NA,NA,NA,NA,NA,NA
volunteering,NA,2017-02-01,2019-02-01,Computer Science Ambassador,NA,NA,NA,"Dept. of Computer Science, University of Oxford",I gave regular talks about my group's and my personal research to 14-18 year old students from schools in the UK visiting the Dept. of Computer Science,NA,NA,NA,NA,NA,2,NA,y,NA,NA,NA,NA,NA
volunteering,NA,2017-04-30,present,Founding Band Member,NA,NA,NA,[The Karaoke Collective](https://karaokecollective.com),"Inventor, MC and drummer; the KC is a group of seasoned musicians in Oxford and London where we blend the fun of karaoke with the magic of a live band.",NA,NA,NA,NA,NA,1,n,y,NA,NA,NA,NA,NA
volunteering,NA,2013-10-01,2016-06-01,Interview Coach,NA,NA,NA,"[Oxbridge Interviews, Oxfizz](https://oxfizz.org/)",Provided interview training to 30+ teenagers from families not traditionally going to university wishing to apply to Oxford or Cambridge,NA,NA,NA,NA,NA,3,n,y,NA,NA,NA,NA,NA
volunteering,NA,2017-02-01,2019-02-01,"Steering committee member, Oxford Scandinavian Society",NA,NA,NA,"Co-organiser of 'sittnings' (traditional Scandinavian dinner- and drinking parties), movie nights, summer BBQs and more. Webmaster at oxfordscandinavian.com",NA,NA,NA,NA,NA,NA,4,n,NA,NA,NA,NA,NA,NA
volunteering,NA,2017-01-01,2017-04-30,"Head of Entertainment, Linacre College Ball",NA,NA,NA,"Planned, contracted, and produced 15+ acts, including a 30-piece swing band, funk orchestra, live karaoke, glitter fairy, space hopper race, treasure hunt and drumming DJ",NA,NA,NA,NA,NA,NA,5,n,NA,NA,NA,NA,NA,NA
teaching,NA,2021-09-23,NA,"Instructor, [Reproducible research with R Markdown](https://ulyngs.github.io/oxberlin-2021-rmd-workshop/)",NA,NA,NA,[Oxford|Berlin Summer School on Open Research](https://s-quest.bihealth.org/BeOx/index.html),"25 early career researchers (MSc, PhD, and postdocs). Taught a 2-hour workshop on workflows for reproducible data analysis and paper writing.",NA,NA,NA,NA,NA,NA,NA,NA,NA,NA,NA,NA,NA
teaching,NA,2020-02-01,2020-05-01,"Teaching assistant, [Big Data Analytics](https://www.oii.ox.ac.uk/study/courses/big-data-analytics/)",NA,NA,NA,"Oxford Internet Institute, University of Oxford",20 master's students. Taught the practical part of the class on analysing and visualising non-normally distributed data in R and RStudio,NA,NA,NA,NA,NA,NA,NA,NA,NA,NA,y,y,Teaching assistant to Taha Yasseri on data analytics and visualisation in social science of the internet.
teaching,NA,2019-03-13,NA,"Instructor, [Reproducible research with R Markdown](https://ulyngs.github.io/rmarkdown-workshop-2019/)",NA,NA,NA,"[TIER Faculty Development Workshop](https://www.projecttier.org/fellowships-and-workshops/faculty-development-workshops/), St. Anne's College, University of Oxford",20 staff and faculty from research institutions across Europe. Developed and taught a 2-day master class in reproducible research,NA,NA,NA,NA,n,NA,NA,NA,NA,NA,y,y,NA
teaching,NA,2013-08-01,2013-09-01,"Teacher, Introduction to Evolutionary Psychology",NA,NA,NA,[Oxbridge International Summer School](https://oxfizz.org/),10 high school students. Organised and taught a 2-week course with group and individual tutorials,NA,NA,NA,NA,NA,NA,NA,NA,NA,NA,NA,y,NA
teaching,NA,2010-09-01,2011-02-01,"Teaching assistant, Philosophy, theory of science, and university history",NA,NA,NA,"Dept. for the Study of Religion, Aarhus University",20 undergraduate students. Taught a weekly supplementary seminar to the main lecture series,NA,NA,NA,NA,NA,NA,NA,NA,NA,NA,NA,y,NA
software-browser-extensions,NA,2019-09-01,present,"[""No Distractions"" for YouTube](https://apps.apple.com/gb/app/no-distractions-for-youtube/id1482507016?mt=12)",NA,NA,NA,browser extension that hides distracting UI elements on YouTube in the Safari browser on Mac and iOS,NA,NA,https://apps.apple.com/gb/app/no-distractions-for-youtube/id1482507016?mt=12,NA,NA,NA,NA,NA,NA,NA,NA,NA,NA,NA
software-browser-extensions,NA,2021-12-01,present,[Newsfeed toggle for Facebook](https://apps.apple.com/gb/app/newsfeed-toggle-for-facebook/id1598798014),NA,NA,NA,browser extension that hides distracting UI elements on Facebook in the Safari browser on Mac and iOS,NA,NA,https://apps.apple.com/gb/app/newsfeed-toggle-for-facebook/id1598798014,NA,NA,NA,NA,NA,NA,NA,NA,NA,NA,NA
software-browser-extensions,NA,2019-12-01,present,[HighlightAds for Google Search](https://apps.apple.com/gb/app/highlightads-for-google-search/id1496633107?mt=12),NA,NA,NA,browser extension that adds a background color to search results on Google that are ads in the Safari browser on Mac,NA,NA,https://apps.apple.com/gb/app/highlightads-for-google-search/id1496633107?mt=12,NA,NA,NA,NA,NA,NA,NA,NA,NA,NA,NA
software-browser-extensions,NA,2019-12-01,present,"[""No Distractions"" for Twitter](https://apps.apple.com/gb/app/no-distractions-for-twitter/id1486155792?mt=12)",NA,NA,NA,browser extension that hides distracting UI elements on Twitter in the Safari browser on Mac,NA,NA,https://apps.apple.com/gb/app/no-distractions-for-twitter/id1486155792?mt=12,NA,NA,NA,NA,NA,NA,NA,NA,NA,NA,NA
software-rstats,NA,2019-10-01,present,[`oxforddown`](https://github.com/ulyngs/oxforddown),NA,NA,NA,"for reproducible thesis writing in R Markdown, formatted with a traditional University of Oxford LaTeX template",NA,NA,https://github.com/ulyngs/oxforddown,NA,NA,NA,NA,NA,NA,NA,NA,NA,NA,NA
software-rstats,NA,2018-06-01,2020-09-01,"[`chi-2021-rmd-template`](https://github.com/ulyngs/chi-2021-rmd-template), [`chi20-papers-rmarkdown`](https://github.com/ulyngs/chi20-papers-rmarkdown), [`chi-proc-rmd-template`](https://github.com/ulyngs/chi-proc-rmd-template) & [`chi-ea-template`](https://github.com/ulyngs/chi-ea-rmd-template)",NA,NA,NA,for writing reproducible submissions in R Markdown to the ACM CHI conference,NA,NA,NA,NA,NA,NA,NA,NA,NA,NA,NA,NA,NA,NA
software-rstats,NA,2019-07-01,present,[`pagedown-cv`](https://github.com/ulyngs/pagedown-cv),NA,NA,NA,"for dynamically generating a curriculum vitae from data held in a spreadsheet into a variety of output formats, using R Markdown and the `pagedown` R package",NA,NA,https://github.com/ulyngs/pagedown-cv,NA,NA,NA,NA,NA,NA,NA,NA,NA,NA,NA
open_research,NA,NA,NA,"Data, materials, and analysis for ""Before and after GDPR...""",NA,NA,NA,NA,Before and after GDPR: tracking in mobile apps,NA,NA,NA,NA,NA,NA,NA,NA,NA,NA,NA,NA,NA
open_research,NA,NA,NA,"Data, materials, and analyses for my DPhil thesis ""Ulysses in Cyberspace...""",NA,NA,NA,NA,Ulysses in Cyberspace: Examining the Effectiveness of Design Patterns for Digital Self-Control,NA,NA,NA,NA,NA,NA,NA,NA,NA,NA,NA,NA,NA
open_research,NA,NA,NA,"Data, materials, and analysis for ""'I Just Want to Hack Myself...""",NA,NA,NA,NA,"""I Just Want to Hack Myself to Not Get Distracted"": Evaluating Design Interventions for Self-Control on Facebook",NA,NA,NA,NA,NA,NA,NA,NA,NA,NA,NA,NA,NA
open_research,NA,NA,NA,"Data, materials, and analysis for ""Self-Control in Cyberspace...""",NA,NA,NA,NA,Self-Control in Cyberspace: Applying Dual Systems Theory to a Review of Digital Self-Control Tools,NA,NA,NA,NA,NA,NA,NA,NA,NA,NA,NA,NA,NA
open_research,NA,NA,NA,"Data and analysis for ""Third party tracking...""",NA,NA,NA,NA,Third party tracking in the mobile ecosystem,NA,NA,NA,NA,NA,NA,NA,NA,NA,NA,NA,NA,NA
